Model,MAE,RMSE,nRMSE,Train Time,Inference Time
LightGBM,0.0211754709305764,0.0348225164628401,0.0405117110902859,0.2338068485260009,0.0143029689788818
LightGBM (tuned),0.0208952656983618,0.034538918210811,0.0401817794363179,64.60440182685852,0.0356240272521972
MLP,0.0209454831560208,0.0344644649371963,0.0400951622180125,3.209635257720948,0.0309281349182128
Chronos-2 (zero-shot),0.0307898520508391,0.0610263433347613,0.0709966378424338,0.0,29.04335927963257
TimesFM-2.5 (zero-shot),0.034215895501367,0.0642017472096599,0.0746908293438476,0.0,36.25248646736145
TabPFN,0.0199000821843189,0.0339538047232637,0.039501070918686,10.665072917938232,6.75110125541687
Chronos-2 (fine-tuned),0.0304283470053878,0.060165167230142,0.0699947654595052,237.22684693336487,71.20895886421204
Moirai-1.1-R (zero-shot),0.2400506755583643,0.324702117734476,0.3777509416385887,0.0,81.71388959884644
"Chronos-2 (fine-tuned, 1h)",0.024252974842739212,0.038759330887381115,0.045091710033017963,357.9280710220337,1461.795575618744
